Job Title,Company Name,Location,Job Description,Apply Link,Salary,Experience Level,Job Type,Work Mode
Senior Python Developer,"Payne, Roberts and Davis","Stewartbury, AA","Stewartbury, AA
      

2021-04-08",https://realpython.github.io/fake-jobs/jobs/senior-python-developer-0.html,50000.0,Senior,Contract,Hybrid
Energy engineer,Vasquez-Davidson,"Christopherville, AA","Christopherville, AA
      

2021-04-08",https://realpython.github.io/fake-jobs/jobs/energy-engineer-1.html,85000.0,Entry-Level,Part-time,Remote
Legal executive,"Jackson, Chambers and Levy","Port Ericaburgh, AA","Port Ericaburgh, AA
      

2021-04-08",https://realpython.github.io/fake-jobs/jobs/legal-executive-2.html,50000.0,,Full-time,Remote
Fitness centre manager,Savage-Bradley,"East Seanview, AP","East Seanview, AP
      

2021-04-08",https://realpython.github.io/fake-jobs/jobs/fitness-centre-manager-3.html,110000.0,Mid-Level,Full-time,On-site
Product manager,Ramirez Inc,"North Jamieview, AP","North Jamieview, AP
      

2021-04-08",https://realpython.github.io/fake-jobs/jobs/product-manager-4.html,50000.0,Mid-Level,Part-time,
Medical technical officer,Rogers-Yates,"Davidville, AP","Davidville, AP
      

2021-04-08",https://realpython.github.io/fake-jobs/jobs/medical-technical-officer-5.html,50000.0,,Full-time,Remote
Physiological scientist,Kramer-Klein,"South Christopher, AE","South Christopher, AE
      

2021-04-08",https://realpython.github.io/fake-jobs/jobs/physiological-scientist-6.html,45000.0,Entry-Level,Full-time,On-site
Textile designer,Meyers-Johnson,"Port Jonathan, AE","Port Jonathan, AE
      

2021-04-08",https://realpython.github.io/fake-jobs/jobs/textile-designer-7.html,65000.0,Entry-Level,Part-time,Remote
Television floor manager,Hughes-Williams,"Osbornetown, AE","Osbornetown, AE
      

2021-04-08",https://realpython.github.io/fake-jobs/jobs/television-floor-manager-8.html,110000.0,Entry-Level,Contract,Hybrid
Waste management officer,"Jones, Williams and Villa","Scotttown, AP","Scotttown, AP
      

2021-04-08",https://realpython.github.io/fake-jobs/jobs/waste-management-officer-9.html,110000.0,Entry-Level,Contract,
Software Engineer (Python),Garcia PLC,"Ericberg, AE","Ericberg, AE
      

2021-04-08",https://realpython.github.io/fake-jobs/jobs/software-engineer-python-10.html,50000.0,Senior,Part-time,
Interpreter,Gregory and Sons,"Ramireztown, AE","Ramireztown, AE
      

2021-04-08",https://realpython.github.io/fake-jobs/jobs/interpreter-11.html,50000.0,Entry-Level,Full-time,
Architect,"Clark, Garcia and Sosa","Figueroaview, AA","Figueroaview, AA
      

2021-04-08",https://realpython.github.io/fake-jobs/jobs/architect-12.html,50000.0,Mid-Level,Full-time,
Meteorologist,Bush PLC,"Kelseystad, AA","Kelseystad, AA
      

2021-04-08",https://realpython.github.io/fake-jobs/jobs/meteorologist-13.html,65000.0,,Part-time,Remote
Audiological scientist,Salazar-Meyers,"Williamsburgh, AE","Williamsburgh, AE
      

2021-04-08",https://realpython.github.io/fake-jobs/jobs/audiological-scientist-14.html,50000.0,Entry-Level,Contract,Hybrid
English as a second language teacher,"Parker, Murphy and Brooks","Mitchellburgh, AE","Mitchellburgh, AE
      

2021-04-08",https://realpython.github.io/fake-jobs/jobs/english-as-a-second-language-teacher-15.html,85000.0,Mid-Level,Full-time,Hybrid
Surgeon,Cruz-Brown,"West Jessicabury, AA","West Jessicabury, AA
      

2021-04-08",https://realpython.github.io/fake-jobs/jobs/surgeon-16.html,50000.0,Mid-Level,Full-time,Remote
Equities trader,Macdonald-Ferguson,"Maloneshire, AE","Maloneshire, AE
      

2021-04-08",https://realpython.github.io/fake-jobs/jobs/equities-trader-17.html,50000.0,Mid-Level,Part-time,Hybrid
Newspaper journalist,"Williams, Peterson and Rojas","Johnsonton, AA","Johnsonton, AA
      

2021-04-08",https://realpython.github.io/fake-jobs/jobs/newspaper-journalist-18.html,85000.0,Senior,Contract,On-site
Materials engineer,Smith and Sons,"South Davidtown, AP","South Davidtown, AP
      

2021-04-08",https://realpython.github.io/fake-jobs/jobs/materials-engineer-19.html,85000.0,Senior,Full-time,On-site
Python Programmer (Entry-Level),"Moss, Duncan and Allen","Port Sara, AE","Port Sara, AE
      

2021-04-08",https://realpython.github.io/fake-jobs/jobs/python-programmer-entry-level-20.html,65000.0,Mid-Level,Contract,Hybrid
Product/process development scientist,Gomez-Carroll,"Marktown, AA","Marktown, AA
      

2021-04-08",https://realpython.github.io/fake-jobs/jobs/product-process-development-scientist-21.html,110000.0,Mid-Level,Part-time,
"Scientist, research (maths)","Manning, Welch and Herring","Laurenland, AE","Laurenland, AE
      

2021-04-08",https://realpython.github.io/fake-jobs/jobs/scientist-research-maths-22.html,,Mid-Level,Full-time,On-site
Ecologist,"Lee, Gutierrez and Brown","Lauraton, AP","Lauraton, AP
      

2021-04-08",https://realpython.github.io/fake-jobs/jobs/ecologist-23.html,45000.0,Senior,Contract,
Materials engineer,"Davis, Serrano and Cook","South Tammyberg, AP","South Tammyberg, AP
      

2021-04-08",https://realpython.github.io/fake-jobs/jobs/materials-engineer-24.html,85000.0,Mid-Level,Part-time,Hybrid
Historic buildings inspector/conservation officer,Smith LLC,"North Brandonville, AP","North Brandonville, AP
      

2021-04-08",https://realpython.github.io/fake-jobs/jobs/historic-buildings-inspector-conservation-officer-25.html,85000.0,Mid-Level,Contract,
Data scientist,Thomas Group,"Port Robertfurt, AA","Port Robertfurt, AA
      

2021-04-08",https://realpython.github.io/fake-jobs/jobs/data-scientist-26.html,45000.0,Mid-Level,Contract,On-site
Psychiatrist,Silva-King,"Burnettbury, AE","Burnettbury, AE
      

2021-04-08",https://realpython.github.io/fake-jobs/jobs/psychiatrist-27.html,45000.0,Entry-Level,Part-time,Hybrid
Structural engineer,Pierce-Long,"Herbertside, AA","Herbertside, AA
      

2021-04-08",https://realpython.github.io/fake-jobs/jobs/structural-engineer-28.html,65000.0,Senior,Part-time,On-site
Immigration officer,Walker-Simpson,"Christopherport, AP","Christopherport, AP
      

2021-04-08",https://realpython.github.io/fake-jobs/jobs/immigration-officer-29.html,50000.0,Senior,Contract,Remote
Python Programmer (Entry-Level),Cooper and Sons,"West Victor, AE","West Victor, AE
      

2021-04-08",https://realpython.github.io/fake-jobs/jobs/python-programmer-entry-level-30.html,45000.0,Mid-Level,Part-time,
Neurosurgeon,"Donovan, Gonzalez and Figueroa","Port Aaron, AP","Port Aaron, AP
      

2021-04-08",https://realpython.github.io/fake-jobs/jobs/neurosurgeon-31.html,85000.0,Entry-Level,Full-time,Hybrid
Broadcast engineer,"Morgan, Butler and Bennett","Loribury, AA","Loribury, AA
      

2021-04-08",https://realpython.github.io/fake-jobs/jobs/broadcast-engineer-32.html,,Entry-Level,Contract,Hybrid
Make,Snyder-Lee,"Angelastad, AP","Angelastad, AP
      

2021-04-08",https://realpython.github.io/fake-jobs/jobs/make-33.html,50000.0,,Full-time,Hybrid
"Nurse, adult",Harris PLC,"Larrytown, AE","Larrytown, AE
      

2021-04-08",https://realpython.github.io/fake-jobs/jobs/nurse-adult-34.html,65000.0,Senior,Part-time,Hybrid
Air broker,Washington PLC,"West Colin, AP","West Colin, AP
      

2021-04-08",https://realpython.github.io/fake-jobs/jobs/air-broker-35.html,110000.0,Mid-Level,Contract,
"Editor, film/video","Brown, Price and Campbell","West Stephanie, AP","West Stephanie, AP
      

2021-04-08",https://realpython.github.io/fake-jobs/jobs/editor-film-video-36.html,85000.0,,Part-time,Remote
"Production assistant, radio",Mcgee PLC,"Laurentown, AP","Laurentown, AP
      

2021-04-08",https://realpython.github.io/fake-jobs/jobs/production-assistant-radio-37.html,65000.0,Entry-Level,Contract,
"Engineer, communications",Dixon Inc,"Wrightberg, AP","Wrightberg, AP
      

2021-04-08",https://realpython.github.io/fake-jobs/jobs/engineer-communications-38.html,,Entry-Level,Full-time,On-site
Sales executive,"Thompson, Sheppard and Ward","Alberttown, AE","Alberttown, AE
      

2021-04-08",https://realpython.github.io/fake-jobs/jobs/sales-executive-39.html,110000.0,Mid-Level,Part-time,
Software Developer (Python),Adams-Brewer,"Brockburgh, AE","Brockburgh, AE
      

2021-04-08",https://realpython.github.io/fake-jobs/jobs/software-developer-python-40.html,50000.0,Entry-Level,Full-time,On-site
Futures trader,Schneider-Brady,"North Jason, AE","North Jason, AE
      

2021-04-08",https://realpython.github.io/fake-jobs/jobs/futures-trader-41.html,,Senior,Full-time,
Tour manager,Gonzales-Frank,"Arnoldhaven, AE","Arnoldhaven, AE
      

2021-04-08",https://realpython.github.io/fake-jobs/jobs/tour-manager-42.html,65000.0,Senior,Part-time,Remote
Cytogeneticist,Smith-Wong,"Lake Destiny, AP","Lake Destiny, AP
      

2021-04-08",https://realpython.github.io/fake-jobs/jobs/cytogeneticist-43.html,85000.0,Senior,Part-time,
"Designer, multimedia",Pierce-Herrera,"South Timothyburgh, AP","South Timothyburgh, AP
      

2021-04-08",https://realpython.github.io/fake-jobs/jobs/designer-multimedia-44.html,85000.0,Entry-Level,Part-time,Hybrid
Trade union research officer,"Aguilar, Rivera and Quinn","New Jimmyton, AE","New Jimmyton, AE
      

2021-04-08",https://realpython.github.io/fake-jobs/jobs/trade-union-research-officer-45.html,45000.0,Mid-Level,Full-time,Remote
"Chemist, analytical","Lowe, Barnes and Thomas","New Lucasbury, AP","New Lucasbury, AP
      

2021-04-08",https://realpython.github.io/fake-jobs/jobs/chemist-analytical-46.html,45000.0,Senior,Full-time,On-site
"Programmer, multimedia","Lewis, Gonzalez and Vasquez","Port Cory, AE","Port Cory, AE
      

2021-04-08",https://realpython.github.io/fake-jobs/jobs/programmer-multimedia-47.html,,,Part-time,Hybrid
"Engineer, broadcasting (operations)",Taylor PLC,"Gileston, AA","Gileston, AA
      

2021-04-08",https://realpython.github.io/fake-jobs/jobs/engineer-broadcasting-operations-48.html,85000.0,Mid-Level,Part-time,
"Teacher, primary school","Oliver, Jones and Ramirez","Cindyshire, AA","Cindyshire, AA
      

2021-04-08",https://realpython.github.io/fake-jobs/jobs/teacher-primary-school-49.html,110000.0,Entry-Level,Part-time,Hybrid
Python Developer,Rivera and Sons,"East Michaelfort, AA","East Michaelfort, AA
      

2021-04-08",https://realpython.github.io/fake-jobs/jobs/python-developer-50.html,65000.0,Mid-Level,Contract,Hybrid
Manufacturing systems engineer,Garcia PLC,"Joybury, AE","Joybury, AE
      

2021-04-08",https://realpython.github.io/fake-jobs/jobs/manufacturing-systems-engineer-51.html,85000.0,Entry-Level,Contract,Remote
"Producer, television/film/video","Johnson, Wells and Kramer","Emmatown, AE","Emmatown, AE
      

2021-04-08",https://realpython.github.io/fake-jobs/jobs/producer-television-film-video-52.html,110000.0,Mid-Level,Part-time,On-site
"Scientist, forensic",Gonzalez LLC,"Colehaven, AP","Colehaven, AP
      

2021-04-08",https://realpython.github.io/fake-jobs/jobs/scientist-forensic-53.html,85000.0,Senior,Full-time,On-site
Bonds trader,"Morgan, White and Macdonald","Port Coryton, AE","Port Coryton, AE
      

2021-04-08",https://realpython.github.io/fake-jobs/jobs/bonds-trader-54.html,50000.0,Entry-Level,Part-time,Hybrid
Editorial assistant,Robinson-Fitzpatrick,"Amyborough, AA","Amyborough, AA
      

2021-04-08",https://realpython.github.io/fake-jobs/jobs/editorial-assistant-55.html,50000.0,,Part-time,On-site
Photographer,"Waters, Wilson and Hoover","Reynoldsville, AA","Reynoldsville, AA
      

2021-04-08",https://realpython.github.io/fake-jobs/jobs/photographer-56.html,85000.0,Entry-Level,Contract,
Retail banker,Hill LLC,"Port Billy, AP","Port Billy, AP
      

2021-04-08",https://realpython.github.io/fake-jobs/jobs/retail-banker-57.html,45000.0,Mid-Level,Full-time,Hybrid
Jewellery designer,Li-Gregory,"Adamburgh, AA","Adamburgh, AA
      

2021-04-08",https://realpython.github.io/fake-jobs/jobs/jewellery-designer-58.html,,Mid-Level,Full-time,On-site
Ophthalmologist,"Fisher, Ryan and Coleman","Wilsonmouth, AA","Wilsonmouth, AA
      

2021-04-08",https://realpython.github.io/fake-jobs/jobs/ophthalmologist-59.html,45000.0,Senior,Full-time,Remote
"Back-End Web Developer (Python, Django)",Stewart-Alexander,"South Kimberly, AA","South Kimberly, AA
      

2021-04-08",https://realpython.github.io/fake-jobs/jobs/back-end-web-developer-python-django-60.html,110000.0,Mid-Level,Contract,
Licensed conveyancer,Abbott and Sons,"Benjaminland, AP","Benjaminland, AP
      

2021-04-08",https://realpython.github.io/fake-jobs/jobs/licensed-conveyancer-61.html,45000.0,Mid-Level,Part-time,
Futures trader,"Bryant, Santana and Davenport","Zacharyport, AA","Zacharyport, AA
      

2021-04-08",https://realpython.github.io/fake-jobs/jobs/futures-trader-62.html,,Mid-Level,Full-time,
Counselling psychologist,Smith PLC,"Port Devonville, AE","Port Devonville, AE
      

2021-04-08",https://realpython.github.io/fake-jobs/jobs/counselling-psychologist-63.html,110000.0,Entry-Level,Contract,Hybrid
Insurance underwriter,Patterson-Singh,"East Thomas, AE","East Thomas, AE
      

2021-04-08",https://realpython.github.io/fake-jobs/jobs/insurance-underwriter-64.html,50000.0,Senior,Contract,Hybrid
"Engineer, automotive",Martinez-Berry,"New Jeffrey, AP","New Jeffrey, AP
      

2021-04-08",https://realpython.github.io/fake-jobs/jobs/engineer-automotive-65.html,45000.0,Entry-Level,Contract,Remote
"Producer, radio","May, Taylor and Fisher","Davidside, AA","Davidside, AA
      

2021-04-08",https://realpython.github.io/fake-jobs/jobs/producer-radio-66.html,65000.0,,Contract,Hybrid
Dispensing optician,"Bailey, Owen and Thompson","Jamesville, AA","Jamesville, AA
      

2021-04-08",https://realpython.github.io/fake-jobs/jobs/dispensing-optician-67.html,50000.0,Mid-Level,Contract,
"Designer, fashion/clothing",Vasquez Ltd,"New Kelly, AP","New Kelly, AP
      

2021-04-08",https://realpython.github.io/fake-jobs/jobs/designer-fashion-clothing-68.html,85000.0,Mid-Level,Full-time,On-site
Chartered loss adjuster,Leblanc LLC,"Lake Antonio, AA","Lake Antonio, AA
      

2021-04-08",https://realpython.github.io/fake-jobs/jobs/chartered-loss-adjuster-69.html,85000.0,Mid-Level,Contract,Hybrid
"Back-End Web Developer (Python, Django)","Jackson, Ali and Mckee","New Elizabethside, AA","New Elizabethside, AA
      

2021-04-08",https://realpython.github.io/fake-jobs/jobs/back-end-web-developer-python-django-70.html,50000.0,Entry-Level,Full-time,Hybrid
Forest/woodland manager,"Blankenship, Knight and Powell","Millsbury, AE","Millsbury, AE
      

2021-04-08",https://realpython.github.io/fake-jobs/jobs/forest-woodland-manager-71.html,50000.0,,Full-time,Hybrid
Clinical cytogeneticist,"Patton, Haynes and Jones","Lloydton, AP","Lloydton, AP
      

2021-04-08",https://realpython.github.io/fake-jobs/jobs/clinical-cytogeneticist-72.html,50000.0,Entry-Level,Full-time,
Print production planner,Wood Inc,"Port Jeremy, AA","Port Jeremy, AA
      

2021-04-08",https://realpython.github.io/fake-jobs/jobs/print-production-planner-73.html,45000.0,,Part-time,Hybrid
Systems developer,Collins Group,"New Elizabethtown, AA","New Elizabethtown, AA
      

2021-04-08",https://realpython.github.io/fake-jobs/jobs/systems-developer-74.html,,Mid-Level,Part-time,On-site
Graphic designer,Flores-Nelson,"Charlesstad, AE","Charlesstad, AE
      

2021-04-08",https://realpython.github.io/fake-jobs/jobs/graphic-designer-75.html,65000.0,Entry-Level,Contract,Remote
Writer,"Mitchell, Jones and Olson","Josephbury, AE","Josephbury, AE
      

2021-04-08",https://realpython.github.io/fake-jobs/jobs/writer-76.html,85000.0,,Contract,Remote
Field seismologist,Howard Group,"Seanfurt, AA","Seanfurt, AA
      

2021-04-08",https://realpython.github.io/fake-jobs/jobs/field-seismologist-77.html,85000.0,Mid-Level,Full-time,Remote
Chief Strategy Officer,Kramer-Edwards,"Williambury, AA","Williambury, AA
      

2021-04-08",https://realpython.github.io/fake-jobs/jobs/chief-strategy-officer-78.html,50000.0,Mid-Level,Full-time,Remote
Air cabin crew,Berry-Houston,"South Jorgeside, AP","South Jorgeside, AP
      

2021-04-08",https://realpython.github.io/fake-jobs/jobs/air-cabin-crew-79.html,50000.0,Senior,Part-time,Remote
Python Programmer (Entry-Level),Mathews Inc,"Robertborough, AP","Robertborough, AP
      

2021-04-08",https://realpython.github.io/fake-jobs/jobs/python-programmer-entry-level-80.html,85000.0,,Part-time,Hybrid
Warden/ranger,Riley-Johnson,"South Saratown, AP","South Saratown, AP
      

2021-04-08",https://realpython.github.io/fake-jobs/jobs/warden-ranger-81.html,50000.0,Entry-Level,Full-time,
Sports therapist,Spencer and Sons,"Hullview, AA","Hullview, AA
      

2021-04-08",https://realpython.github.io/fake-jobs/jobs/sports-therapist-82.html,110000.0,Mid-Level,Full-time,Hybrid
Arts development officer,Camacho-Sanchez,"Philipland, AP","Philipland, AP
      

2021-04-08",https://realpython.github.io/fake-jobs/jobs/arts-development-officer-83.html,110000.0,Mid-Level,Contract,Remote
Printmaker,Oliver and Sons,"North Patty, AE","North Patty, AE
      

2021-04-08",https://realpython.github.io/fake-jobs/jobs/printmaker-84.html,45000.0,,Full-time,On-site
Health and safety adviser,Eaton PLC,"North Stephen, AE","North Stephen, AE
      

2021-04-08",https://realpython.github.io/fake-jobs/jobs/health-and-safety-adviser-85.html,50000.0,Entry-Level,Part-time,Hybrid
Manufacturing systems engineer,Stanley-Frederick,"Stevensland, AP","Stevensland, AP
      

2021-04-08",https://realpython.github.io/fake-jobs/jobs/manufacturing-systems-engineer-86.html,50000.0,Entry-Level,Part-time,Remote
"Programmer, applications",Bradley LLC,"Reyesstad, AE","Reyesstad, AE
      

2021-04-08",https://realpython.github.io/fake-jobs/jobs/programmer-applications-87.html,110000.0,Entry-Level,Part-time,
Medical physicist,"Parker, Goodwin and Zavala","Bellberg, AP","Bellberg, AP
      

2021-04-08",https://realpython.github.io/fake-jobs/jobs/medical-physicist-88.html,110000.0,Entry-Level,Part-time,Remote
Media planner,Kim-Miles,"North Johnland, AE","North Johnland, AE
      

2021-04-08",https://realpython.github.io/fake-jobs/jobs/media-planner-89.html,,Senior,Part-time,On-site
Software Developer (Python),Moreno-Rodriguez,"Martinezburgh, AE","Martinezburgh, AE
      

2021-04-08",https://realpython.github.io/fake-jobs/jobs/software-developer-python-90.html,50000.0,,Contract,Hybrid
"Surveyor, land/geomatics",Brown-Ortiz,"Joshuatown, AE","Joshuatown, AE
      

2021-04-08",https://realpython.github.io/fake-jobs/jobs/surveyor-land-geomatics-91.html,45000.0,Entry-Level,Part-time,On-site
Legal executive,Hartman PLC,"West Ericstad, AA","West Ericstad, AA
      

2021-04-08",https://realpython.github.io/fake-jobs/jobs/legal-executive-92.html,85000.0,Mid-Level,Part-time,
"Librarian, academic",Brooks Inc,"Tuckertown, AE","Tuckertown, AE
      

2021-04-08",https://realpython.github.io/fake-jobs/jobs/librarian-academic-93.html,85000.0,Mid-Level,Part-time,
Barrister,Washington-Castillo,"Perezton, AE","Perezton, AE
      

2021-04-08",https://realpython.github.io/fake-jobs/jobs/barrister-94.html,45000.0,,Full-time,Remote
Museum/gallery exhibitions officer,"Nguyen, Yoder and Petty","Lake Abigail, AE","Lake Abigail, AE
      

2021-04-08",https://realpython.github.io/fake-jobs/jobs/museum-gallery-exhibitions-officer-95.html,85000.0,Entry-Level,Part-time,On-site
"Radiographer, diagnostic",Holder LLC,"Jacobshire, AP","Jacobshire, AP
      

2021-04-08",https://realpython.github.io/fake-jobs/jobs/radiographer-diagnostic-96.html,65000.0,,Full-time,On-site
Database administrator,Yates-Ferguson,"Port Susan, AE","Port Susan, AE
      

2021-04-08",https://realpython.github.io/fake-jobs/jobs/database-administrator-97.html,45000.0,,Part-time,Hybrid
Furniture designer,Ortega-Lawrence,"North Tiffany, AA","North Tiffany, AA
      

2021-04-08",https://realpython.github.io/fake-jobs/jobs/furniture-designer-98.html,110000.0,Senior,Part-time,Remote
Ship broker,"Fuentes, Walls and Castro","Michelleville, AP","Michelleville, AP
      

2021-04-08",https://realpython.github.io/fake-jobs/jobs/ship-broker-99.html,45000.0,Entry-Level,Part-time,Hybrid
